{"cameraMode":{"drawMode":0,"name":"Shaded","section":"Shading Mode"},"sceneLighting":true,"audioPlay":false,"sceneViewState":{"m_AlwaysRefresh":false,"showFog":true,"showSkybox":true,"showFlares":true,"showImageEffects":true,"showParticleSystems":true,"showVisualEffectGraphs":true,"m_FxEnabled":true},"in2DMode":false,"pivot":{"x":0.18642547726631165,"y":1.2789822816848755,"z":1.4569933414459229},"rotation":{"x":0.1833411008119583,"y":-0.06630471348762512,"z":0.012395196594297886,"w":0.9807326793670654},"size":62.81175231933594,"orthographic":false}